CustomerID,Gender,Age,Annual_Income_k,Spending_Score,Cluster
1,Male,37,76.0,69.0,3
2,Female,65,50.0,56.0,3
3,Female,43,60.0,63.0,3
4,Male,54,56.0,32.0,1
5,Male,41,68.0,46.0,3
6,Female,31,95.0,55.0,2
7,Male,57,62.0,71.0,3
8,Female,68,76.0,40.0,1
9,Male,31,15.0,63.0,4
10,Male,58,59.0,43.0,3
11,Female,31,39.0,47.0,0
12,Female,55,30.0,71.0,4
13,Female,59,38.0,1.0,0
14,Female,41,52.0,18.0,1
15,Female,56,83.0,13.0,1
16,Female,32,27.0,1.0,0
17,Female,22,61.0,33.0,1
18,Male,23,48.0,69.0,4
19,Female,41,52.0,43.0,3
20,Male,64,85.0,55.0,2
21,Female,24,73.0,77.0,3
22,Male,41,93.0,83.0,2
23,Male,54,56.0,48.0,3
24,Female,28,43.0,84.0,4
25,Female,55,54.0,52.0,3
26,Female,33,66.0,29.0,1
27,Male,60,64.0,35.0,1
28,Female,48,33.0,13.0,0
29,Female,46,62.0,28.0,1
30,Male,27,66.0,41.0,3
31,Male,42,123.0,70.0,2
32,Male,62,107.0,93.0,2
33,Male,19,39.0,15.0,0
34,Female,57,53.0,60.0,3
35,Female,43,23.0,24.0,0
36,Male,55,45.0,62.0,3
37,Female,52,68.0,47.0,3
38,Female,40,90.0,4.0,1
39,Male,34,42.0,73.0,4
40,Female,50,44.0,35.0,0
41,Male,25,15.0,37.0,0
42,Female,48,56.0,23.0,1
43,Female,22,33.0,34.0,0
44,Male,51,47.0,61.0,3
45,Male,50,38.0,45.0,0
46,Female,22,58.0,58.0,3
47,Male,57,16.0,59.0,4
48,Female,39,23.0,83.0,4
49,Female,58,113.0,41.0,2
50,Female,20,28.0,13.0,0
51,Female,27,33.0,77.0,4
52,Male,43,106.0,42.0,2
53,Male,27,133.0,78.0,2
54,Male,35,31.0,60.0,4
55,Male,52,51.0,47.0,3
56,Male,25,69.0,59.0,3
57,Female,53,103.0,99.0,2
58,Male,23,35.0,99.0,4
59,Female,27,54.0,52.0,3
60,Female,48,79.0,54.0,3
61,Female,59,71.0,77.0,3
62,Female,26,51.0,29.0,0
63,Male,33,57.0,58.0,3
64,Female,66,26.0,49.0,0
65,Male,69,54.0,58.0,3
66,Male,48,53.0,29.0,1
67,Female,41,66.0,10.0,1
68,Male,36,46.0,1.0,0
69,Male,49,72.0,22.0,1
70,Male,48,85.0,39.0,1
71,Female,33,64.0,43.0,3
72,Male,19,69.0,98.0,4
73,Male,25,61.0,78.0,3
74,Male,67,60.0,26.0,1
75,Female,39,42.0,59.0,3
76,Male,43,68.0,40.0,3
77,Male,42,58.0,43.0,3
78,Male,58,112.0,55.0,2
79,Female,21,99.0,65.0,2
80,Female,22,70.0,42.0,3
81,Female,32,41.0,77.0,4
82,Male,43,32.0,21.0,0
83,Male,52,90.0,50.0,2
84,Female,43,67.0,99.0,4
85,Female,40,72.0,56.0,3
86,Female,66,16.0,86.0,4
87,Male,26,83.0,52.0,2
88,Male,47,71.0,65.0,3
89,Female,46,32.0,49.0,0
90,Female,42,48.0,46.0,3
91,Male,59,67.0,31.0,1
92,Female,31,61.0,61.0,3
93,Female,67,53.0,29.0,1
94,Male,35,57.0,67.0,3
95,Female,46,54.0,77.0,4
96,Male,45,64.0,59.0,3
97,Male,62,97.0,43.0,2
98,Female,40,15.0,61.0,4
99,Female,32,54.0,42.0,3
100,Male,19,64.0,73.0,3
101,Female,36,67.0,4.0,1
102,Male,60,51.0,42.0,3
103,Female,18,16.0,1.0,0
104,Male,64,68.0,13.0,1
105,Female,46,103.0,84.0,2
106,Female,25,22.0,72.0,4
107,Female,33,82.0,32.0,1
108,Female,46,52.0,12.0,1
109,Male,34,58.0,1.0,1
110,Female,23,34.0,36.0,0
111,Male,52,52.0,99.0,4
112,Female,52,93.0,61.0,2
113,Female,24,75.0,36.0,1
114,Male,32,103.0,62.0,2
115,Female,30,89.0,11.0,1
116,Female,52,71.0,43.0,3
117,Male,55,104.0,52.0,2
118,Male,55,71.0,48.0,3
119,Male,66,81.0,70.0,2
120,Male,57,53.0,59.0,3
121,Male,34,62.0,67.0,3
122,Female,23,43.0,33.0,0
123,Female,49,85.0,72.0,2
124,Male,65,31.0,91.0,4
125,Female,68,80.0,26.0,1
126,Female,29,55.0,28.0,1
127,Male,30,89.0,83.0,2
128,Female,19,79.0,45.0,3
129,Female,25,106.0,85.0,2
130,Female,46,78.0,39.0,1
131,Female,46,21.0,86.0,4
132,Female,37,58.0,53.0,3
133,Male,34,31.0,56.0,4
134,Female,61,47.0,89.0,4
135,Female,41,98.0,41.0,2
136,Male,60,76.0,26.0,1
137,Female,68,43.0,39.0,0
138,Male,34,35.0,61.0,4
139,Male,28,61.0,11.0,1
140,Male,67,30.0,66.0,4
141,Female,51,43.0,37.0,0
142,Male,33,68.0,79.0,3
143,Male,50,89.0,1.0,1
144,Male,44,75.0,30.0,1
145,Female,65,15.0,8.0,0
146,Female,31,68.0,29.0,1
147,Male,69,62.0,56.0,3
148,Male,66,70.0,46.0,3
149,Female,27,100.0,44.0,2
150,Male,26,15.0,46.0,0
151,Female,45,45.0,55.0,3
152,Male,20,75.0,25.0,1
153,Female,33,20.0,68.0,4
154,Male,40,97.0,67.0,2
155,Male,68,69.0,60.0,3
156,Female,69,81.0,64.0,2
157,Male,25,46.0,57.0,3
158,Female,64,80.0,99.0,2
159,Female,22,87.0,48.0,2
160,Female,56,66.0,42.0,3
161,Female,61,66.0,31.0,1
162,Female,64,67.0,24.0,1
163,Male,29,38.0,19.0,0
164,Male,64,56.0,28.0,1
165,Male,24,56.0,48.0,3
166,Female,44,70.0,58.0,3
167,Male,42,85.0,51.0,2
168,Male,34,34.0,31.0,0
169,Male,19,57.0,73.0,3
170,Male,58,97.0,68.0,2
171,Male,35,41.0,46.0,0
172,Male,52,39.0,34.0,0
173,Female,39,65.0,64.0,3
174,Female,37,81.0,55.0,2
175,Female,64,60.0,14.0,1
176,Male,22,93.0,48.0,2
177,Female,56,81.0,57.0,2
178,Male,56,81.0,28.0,1
179,Female,37,74.0,55.0,3
180,Female,31,118.0,14.0,1
181,Female,18,55.0,83.0,4
182,Male,66,15.0,81.0,4
183,Male,67,100.0,44.0,2
184,Female,30,49.0,59.0,3
185,Male,19,63.0,1.0,1
186,Male,24,93.0,21.0,1
187,Male,21,20.0,43.0,0
188,Male,61,29.0,23.0,0
189,Male,64,20.0,68.0,4
190,Male,25,40.0,99.0,4
191,Female,56,71.0,21.0,1
192,Female,27,73.0,29.0,1
193,Female,37,67.0,56.0,3
194,Male,49,25.0,90.0,4
195,Female,55,15.0,19.0,0
196,Male,63,61.0,56.0,3
197,Male,20,48.0,96.0,4
198,Male,28,71.0,9.0,1
199,Male,32,78.0,18.0,1
200,Female,34,63.0,39.0,3
